{
    "parent": "item/generated",
    "display": {
        "thirdperson_righthand": {
            "rotation": [ 0, 0, 0 ],
            "translation": [ 0, 0.5, 1.5 ],
            "scale": [ 0.5, 0.5, 1.8 ]
        },
        "firstperson_righthand": {
            "rotation": [ 65, -90, 55 ],
            "translation": [ 2, 3.5, 0.5 ],
            "scale": [ 0.3, 0.3, 1.2 ]
        },
        "gui": {
            "rotation": [ -20, -20, -35 ],
            "translation": [ 0, 0, 0 ],
            "scale": [ 0.8, 0.8, 4.5 ]
	},
        "ground": {
            "rotation": [ 0, 0, 0 ],
            "translation": [ 0, 2, 0 ],
            "scale": [ 0.5, 0.5, 1.8 ]
        }
    }
}
