{
	"credit": "Made with Blockbench",
	"textures": {
		"0": "item/specialitems/revivaltome",
		"particle": "item/specialitems/revivaltome"
	},
	"elements": [
		{
			"from": [7, 0, 4],
			"to": [15, 1, 13],
			"faces": {
				"north": {"uv": [0, 10, 8, 11], "texture": "#0"},
				"east": {"uv": [0, 12, 9, 13], "texture": "#0"},
				"south": {"uv": [0, 10, 8, 11], "texture": "#0"},
				"west": {"uv": [0, 12, 9, 13], "texture": "#0"},
				"up": {"uv": [0, 0, 8, 9], "texture": "#0"},
				"down": {"uv": [0, 0, 8, 9], "texture": "#0"}
			}
		},
		{
			"from": [7, 2, 4],
			"to": [15, 3, 13],
			"faces": {
				"north": {"uv": [0, 10, 8, 11], "texture": "#0"},
				"east": {"uv": [0, 12, 9, 13], "texture": "#0"},
				"south": {"uv": [0, 10, 8, 11], "texture": "#0"},
				"west": {"uv": [0, 12, 9, 13], "texture": "#0"},
				"up": {"uv": [0, 0, 8, 9], "texture": "#0"},
				"down": {"uv": [0, 0, 8, 9], "texture": "#0"}
			}
		},
		{
			"from": [14.5, 1, 4],
			"to": [15, 2, 13],
			"faces": {
				"north": {"uv": [0, 12, 0.5, 13], "texture": "#0"},
				"east": {"uv": [0, 12, 9, 13], "texture": "#0"},
				"south": {"uv": [0, 12, 0.5, 13], "texture": "#0"},
				"west": {"uv": [0, 12, 9, 13], "texture": "#0"},
				"up": {"uv": [0, 0, 0.5, 9], "texture": "#0"},
				"down": {"uv": [0, 0, 0.5, 9], "texture": "#0"}
			}
		},
		{
			"from": [7.5, 1, 4.4],
			"to": [14.5, 2, 12.4],
			"faces": {
				"north": {"uv": [9, 8, 16, 9], "texture": "#0"},
				"east": {"uv": [9, 8, 16, 9], "texture": "#0"},
				"south": {"uv": [9, 8, 16, 9], "texture": "#0"},
				"west": {"uv": [9, 8, 16, 9], "texture": "#0"},
				"up": {"uv": [9, 8, 16, 16], "texture": "#0"},
				"down": {"uv": [9, 8, 16, 16], "texture": "#0"}
			}
		},
		{
			"from": [13.8, 1.025, 3.7],
			"to": [14.2, 1.025, 4.4],
			"faces": {
				"north": {"uv": [8, 3, 8.4, 4], "texture": "#0"},
				"east": {"uv": [8, 4, 8.7, 5], "texture": "#0"},
				"south": {"uv": [8, 2, 8.4, 3], "texture": "#0"},
				"west": {"uv": [8, 1, 8.7, 3], "texture": "#0"},
				"up": {"uv": [8, 3, 8.4, 3.7], "texture": "#0"},
				"down": {"uv": [8, 2, 8.4, 2.7], "texture": "#0"}
			}
		},
		{
			"from": [14.2, 1.025, 3.4],
			"to": [14.5, 1.025, 4.4],
			"faces": {
				"north": {"uv": [8, 3, 8.3, 4], "texture": "#missing"},
				"east": {"uv": [8, 4, 9, 5], "texture": "#missing"},
				"south": {"uv": [8, 2, 8.3, 3], "texture": "#missing"},
				"west": {"uv": [8, 1, 9, 3], "texture": "#missing"},
				"up": {"uv": [8, 3, 8.3, 4], "texture": "#0"},
				"down": {"uv": [8, 2, 8.3, 3], "texture": "#0"}
			}
		},
		{
			"from": [13.5, 1.025, 3.4],
			"to": [13.8, 1.025, 4.4],
			"faces": {
				"north": {"uv": [8, 3, 8.3, 4], "texture": "#0"},
				"east": {"uv": [8, 4, 9, 5], "texture": "#0"},
				"south": {"uv": [8, 2, 8.3, 3], "texture": "#0"},
				"west": {"uv": [8, 1, 9, 3], "texture": "#0"},
				"up": {"uv": [8, 3, 8.3, 4], "texture": "#0"},
				"down": {"uv": [8, 2, 8.3, 3], "texture": "#0"}
			}
		}
	],
	"display": {
		"thirdperson_righthand": {
			"rotation": [-90, 0, -90],
			"translation": [5.25, -2.25, -3.25],
			"scale": [0.8, 0.8, 0.8]
		},
		"thirdperson_lefthand": {
			"rotation": [-90, 0, 90],
			"translation": [-5.25, -2.25, -3.25],
			"scale": [0.8, 0.8, 0.8]
		},
		"firstperson_righthand": {
			"rotation": [-84.99, -1.99, -79.6],
			"translation": [3.5, 2, -1],
			"scale": [0.51, 0.6, 0.7]
		},
		"firstperson_lefthand": {
			"rotation": [-90, 55, 90],
			"translation": [8, 3.5, -10],
			"scale": [0.74, 0.81, 1]
		},
		"ground": {
			"rotation": [-54, 0, 0],
			"translation": [-3, 5.5, -4.5]
		},
		"gui": {
			"rotation": [-108.05, -7.86, -156.89],
			"translation": [6.5, 2, 0],
			"scale": [1.2, 1.2, 1.2]
		},
		"fixed": {
			"rotation": [-90, 0, 0],
			"translation": [-4.5, -0.5, -12],
			"scale": [1.5, 1.5, 1.5]
		}
	},
	"groups": [
		0,
		1,
		2,
		3,
		{
			"name": "group",
			"origin": [8, 8, 8],
			"color": 0,
			"children": [4, 5, 6]
		}
	]
}