{
	"credit": "Made with Blockbench",
	"textures": {
		"0": "item/specialitems/spiritdagger",
		"particle": "item/specialitems/spiritdagger"
	},
	"elements": [
		{
			"from": [6, 3, 10],
			"to": [9, 4, 11],
			"faces": {
				"north": {"uv": [6, 13, 9, 14], "texture": "#0"},
				"east": {"uv": [6, 13, 7, 14], "texture": "#0"},
				"south": {"uv": [6, 13, 9, 14], "texture": "#0"},
				"west": {"uv": [8, 13, 9, 14], "texture": "#0"},
				"up": {"uv": [6, 13, 9, 14], "texture": "#0"},
				"down": {"uv": [6, 13, 9, 14], "texture": "#0"}
			}
		},
		{
			"from": [7, 4, 10],
			"to": [8, 6, 11],
			"faces": {
				"north": {"uv": [7, 11, 8, 13], "texture": "#0"},
				"east": {"uv": [7, 11, 8, 13], "texture": "#0"},
				"south": {"uv": [7, 11, 8, 13], "texture": "#0"},
				"west": {"uv": [7, 11, 8, 13], "texture": "#0"},
				"up": {"uv": [7, 11, 8, 12], "texture": "#0"},
				"down": {"uv": [7, 12, 8, 13], "texture": "#0"}
			}
		},
		{
			"from": [7, 7, 10],
			"to": [8, 14, 11],
			"faces": {
				"north": {"uv": [7, 3, 8, 10], "texture": "#0"},
				"east": {"uv": [7, 3, 8, 10], "texture": "#0"},
				"south": {"uv": [7, 3, 8, 10], "texture": "#0"},
				"west": {"uv": [7, 3, 8, 10], "texture": "#0"},
				"up": {"uv": [7, 3, 8, 4], "texture": "#0"},
				"down": {"uv": [7, 9, 8, 10], "texture": "#0"}
			}
		},
		{
			"from": [8, 7, 10],
			"to": [9, 12, 11],
			"faces": {
				"north": {"uv": [6, 5, 7, 10], "texture": "#0"},
				"east": {"uv": [6, 5, 7, 10], "texture": "#0"},
				"south": {"uv": [6, 5, 7, 10], "texture": "#0"},
				"west": {"uv": [6, 5, 7, 10], "texture": "#0"},
				"up": {"uv": [6, 5, 7, 6], "texture": "#0"},
				"down": {"uv": [6, 9, 7, 10], "texture": "#0"}
			}
		},
		{
			"from": [6, 7, 10],
			"to": [7, 11, 11],
			"faces": {
				"north": {"uv": [8, 6, 9, 10], "texture": "#0"},
				"east": {"uv": [8, 6, 9, 10], "texture": "#0"},
				"south": {"uv": [8, 6, 9, 10], "texture": "#0"},
				"west": {"uv": [8, 6, 9, 10], "texture": "#0"},
				"up": {"uv": [8, 6, 9, 7], "texture": "#0"},
				"down": {"uv": [8, 9, 9, 10], "texture": "#0"}
			}
		},
		{
			"from": [5, 6, 10],
			"to": [10, 7, 11],
			"faces": {
				"north": {"uv": [5, 10, 10, 11], "texture": "#0"},
				"east": {"uv": [5, 10, 6, 11], "texture": "#0"},
				"south": {"uv": [5, 10, 10, 11], "texture": "#0"},
				"west": {"uv": [9, 10, 10, 11], "texture": "#0"},
				"up": {"uv": [5, 10, 10, 11], "texture": "#0"},
				"down": {"uv": [5, 10, 10, 11], "texture": "#0"}
			}
		}
	],
	"display": {
		"firstperson_righthand": {
			"translation": [-9.25, 8.5, -7.75]
		},
        	"head": {
            		"rotation": [ -90, 90, 0 ],
            		"scale": [ 1, 1, 1 ]
		},
        	"ground": {
            		"rotation": [ -90, 90, 0 ],
            		"scale": [ 1, 1, 1 ]
        	}
	}
}